case,iou_threshold,TP,FP,FN,precision,detectability
Liver_Lesions_1000.nii.gz,0.15,2,2,0,0.5,1.0
Liver_Lesions_1000.nii.gz,0.2,2,2,0,0.5,1.0
Liver_Lesions_1000.nii.gz,0.5,1,3,1,0.25,0.5
Liver_Lesions_1002.nii.gz,0.15,6,4,3,0.6,0.6666666666666666
Liver_Lesions_1002.nii.gz,0.2,6,4,3,0.6,0.6666666666666666
Liver_Lesions_1002.nii.gz,0.5,4,6,5,0.4,0.4444444444444444
Liver_Lesions_1003.nii.gz,0.15,4,3,1,0.5714285714285714,0.8
Liver_Lesions_1003.nii.gz,0.2,4,3,1,0.5714285714285714,0.8
Liver_Lesions_1003.nii.gz,0.5,4,3,1,0.5714285714285714,0.8
Liver_Lesions_1008.nii.gz,0.15,3,1,1,0.75,0.75
Liver_Lesions_1008.nii.gz,0.2,3,1,1,0.75,0.75
Liver_Lesions_1008.nii.gz,0.5,3,1,1,0.75,0.75
Liver_Lesions_1017.nii.gz,0.15,0,1,3,0.0,0.0
Liver_Lesions_1017.nii.gz,0.2,0,1,3,0.0,0.0
Liver_Lesions_1017.nii.gz,0.5,0,1,3,0.0,0.0
Liver_Lesions_1020.nii.gz,0.15,1,5,0,0.16666666666666666,1.0
Liver_Lesions_1020.nii.gz,0.2,1,5,0,0.16666666666666666,1.0
Liver_Lesions_1020.nii.gz,0.5,1,5,0,0.16666666666666666,1.0
Liver_Lesions_1022.nii.gz,0.15,10,7,18,0.5882352941176471,0.35714285714285715
Liver_Lesions_1022.nii.gz,0.2,9,8,19,0.5294117647058824,0.32142857142857145
Liver_Lesions_1022.nii.gz,0.5,5,12,23,0.29411764705882354,0.17857142857142858
Liver_Lesions_1024.nii.gz,0.15,7,2,1,0.7777777777777778,0.875
Liver_Lesions_1024.nii.gz,0.2,7,2,1,0.7777777777777778,0.875
Liver_Lesions_1024.nii.gz,0.5,7,2,1,0.7777777777777778,0.875
Liver_Lesions_1030.nii.gz,0.15,1,6,0,0.14285714285714285,1.0
Liver_Lesions_1030.nii.gz,0.2,1,6,0,0.14285714285714285,1.0
Liver_Lesions_1030.nii.gz,0.5,1,6,0,0.14285714285714285,1.0
Liver_Lesions_1033.nii.gz,0.15,6,18,3,0.25,0.6666666666666666
Liver_Lesions_1033.nii.gz,0.2,6,18,3,0.25,0.6666666666666666
Liver_Lesions_1033.nii.gz,0.5,4,20,5,0.16666666666666666,0.4444444444444444
Liver_Lesions_1056.nii.gz,0.15,6,4,13,0.6,0.3157894736842105
Liver_Lesions_1056.nii.gz,0.2,6,4,13,0.6,0.3157894736842105
Liver_Lesions_1056.nii.gz,0.5,5,5,14,0.5,0.2631578947368421
Liver_Lesions_1070.nii.gz,0.15,4,4,0,0.5,1.0
Liver_Lesions_1070.nii.gz,0.2,4,4,0,0.5,1.0
Liver_Lesions_1070.nii.gz,0.5,3,5,1,0.375,0.75
Liver_Lesions_1072.nii.gz,0.15,2,0,1,1.0,0.6666666666666666
Liver_Lesions_1072.nii.gz,0.2,2,0,1,1.0,0.6666666666666666
Liver_Lesions_1072.nii.gz,0.5,2,0,1,1.0,0.6666666666666666
Liver_Lesions_1073.nii.gz,0.15,5,2,0,0.7142857142857143,1.0
Liver_Lesions_1073.nii.gz,0.2,5,2,0,0.7142857142857143,1.0
Liver_Lesions_1073.nii.gz,0.5,5,2,0,0.7142857142857143,1.0
Liver_Lesions_1076.nii.gz,0.15,2,4,1,0.3333333333333333,0.6666666666666666
Liver_Lesions_1076.nii.gz,0.2,2,4,1,0.3333333333333333,0.6666666666666666
Liver_Lesions_1076.nii.gz,0.5,2,4,1,0.3333333333333333,0.6666666666666666
Liver_Lesions_1087.nii.gz,0.15,7,7,15,0.5,0.3181818181818182
Liver_Lesions_1087.nii.gz,0.2,7,7,15,0.5,0.3181818181818182
Liver_Lesions_1087.nii.gz,0.5,6,8,16,0.42857142857142855,0.2727272727272727
Liver_Lesions_1092.nii.gz,0.15,3,2,0,0.6,1.0
Liver_Lesions_1092.nii.gz,0.2,3,2,0,0.6,1.0
Liver_Lesions_1092.nii.gz,0.5,3,2,0,0.6,1.0
Liver_Lesions_1100.nii.gz,0.15,1,3,2,0.25,0.3333333333333333
Liver_Lesions_1100.nii.gz,0.2,1,3,2,0.25,0.3333333333333333
Liver_Lesions_1100.nii.gz,0.5,0,4,3,0.0,0.0
Liver_Lesions_1101.nii.gz,0.15,14,7,5,0.6666666666666666,0.7368421052631579
Liver_Lesions_1101.nii.gz,0.2,14,7,5,0.6666666666666666,0.7368421052631579
Liver_Lesions_1101.nii.gz,0.5,12,9,7,0.5714285714285714,0.631578947368421
Liver_Lesions_1104.nii.gz,0.15,3,4,1,0.42857142857142855,0.75
Liver_Lesions_1104.nii.gz,0.2,3,4,1,0.42857142857142855,0.75
Liver_Lesions_1104.nii.gz,0.5,2,5,2,0.2857142857142857,0.5
Liver_Lesions_1111.nii.gz,0.15,2,6,0,0.25,1.0
Liver_Lesions_1111.nii.gz,0.2,1,7,1,0.125,0.5
Liver_Lesions_1111.nii.gz,0.5,1,7,1,0.125,0.5
Liver_Lesions_1115.nii.gz,0.15,1,0,0,1.0,1.0
Liver_Lesions_1115.nii.gz,0.2,1,0,0,1.0,1.0
Liver_Lesions_1115.nii.gz,0.5,1,0,0,1.0,1.0
Liver_Lesions_1127.nii.gz,0.15,0,3,0,0.0,
Liver_Lesions_1127.nii.gz,0.2,0,3,0,0.0,
Liver_Lesions_1127.nii.gz,0.5,0,3,0,0.0,
Liver_Lesions_1131.nii.gz,0.15,5,5,2,0.5,0.7142857142857143
Liver_Lesions_1131.nii.gz,0.2,5,5,2,0.5,0.7142857142857143
Liver_Lesions_1131.nii.gz,0.5,5,5,2,0.5,0.7142857142857143
Liver_Lesions_1136.nii.gz,0.15,16,3,1,0.8421052631578947,0.9411764705882353
Liver_Lesions_1136.nii.gz,0.2,16,3,1,0.8421052631578947,0.9411764705882353
Liver_Lesions_1136.nii.gz,0.5,16,3,1,0.8421052631578947,0.9411764705882353
Liver_Lesions_1137.nii.gz,0.15,0,3,1,0.0,0.0
Liver_Lesions_1137.nii.gz,0.2,0,3,1,0.0,0.0
Liver_Lesions_1137.nii.gz,0.5,0,3,1,0.0,0.0
Liver_Lesions_1147.nii.gz,0.15,4,0,1,1.0,0.8
Liver_Lesions_1147.nii.gz,0.2,4,0,1,1.0,0.8
Liver_Lesions_1147.nii.gz,0.5,4,0,1,1.0,0.8
Liver_Lesions_1148.nii.gz,0.15,2,7,1,0.2222222222222222,0.6666666666666666
Liver_Lesions_1148.nii.gz,0.2,2,7,1,0.2222222222222222,0.6666666666666666
Liver_Lesions_1148.nii.gz,0.5,2,7,1,0.2222222222222222,0.6666666666666666
Liver_Lesions_1149.nii.gz,0.15,2,42,4,0.045454545454545456,0.3333333333333333
Liver_Lesions_1149.nii.gz,0.2,2,42,4,0.045454545454545456,0.3333333333333333
Liver_Lesions_1149.nii.gz,0.5,2,42,4,0.045454545454545456,0.3333333333333333
Liver_Lesions_1150.nii.gz,0.15,0,2,0,0.0,
Liver_Lesions_1150.nii.gz,0.2,0,2,0,0.0,
Liver_Lesions_1150.nii.gz,0.5,0,2,0,0.0,
Liver_Lesions_1151.nii.gz,0.15,1,1,1,0.5,0.5
Liver_Lesions_1151.nii.gz,0.2,1,1,1,0.5,0.5
Liver_Lesions_1151.nii.gz,0.5,0,2,2,0.0,0.0
Liver_Lesions_1153.nii.gz,0.15,2,1,0,0.6666666666666666,1.0
Liver_Lesions_1153.nii.gz,0.2,2,1,0,0.6666666666666666,1.0
Liver_Lesions_1153.nii.gz,0.5,1,2,1,0.3333333333333333,0.5
Liver_Lesions_1154.nii.gz,0.15,1,3,3,0.25,0.25
Liver_Lesions_1154.nii.gz,0.2,1,3,3,0.25,0.25
Liver_Lesions_1154.nii.gz,0.5,0,4,4,0.0,0.0
Liver_Lesions_1162.nii.gz,0.15,32,47,21,0.4050632911392405,0.6037735849056604
Liver_Lesions_1162.nii.gz,0.2,32,47,21,0.4050632911392405,0.6037735849056604
Liver_Lesions_1162.nii.gz,0.5,26,53,27,0.3291139240506329,0.49056603773584906
Liver_Lesions_1164.nii.gz,0.15,1,0,0,1.0,1.0
Liver_Lesions_1164.nii.gz,0.2,1,0,0,1.0,1.0
Liver_Lesions_1164.nii.gz,0.5,1,0,0,1.0,1.0
Liver_Lesions_1178.nii.gz,0.15,1,7,0,0.125,1.0
Liver_Lesions_1178.nii.gz,0.2,1,7,0,0.125,1.0
Liver_Lesions_1178.nii.gz,0.5,1,7,0,0.125,1.0
Liver_Lesions_1180.nii.gz,0.15,11,8,8,0.5789473684210527,0.5789473684210527
Liver_Lesions_1180.nii.gz,0.2,11,8,8,0.5789473684210527,0.5789473684210527
Liver_Lesions_1180.nii.gz,0.5,10,9,9,0.5263157894736842,0.5263157894736842
Liver_Lesions_1187.nii.gz,0.15,1,1,0,0.5,1.0
Liver_Lesions_1187.nii.gz,0.2,1,1,0,0.5,1.0
Liver_Lesions_1187.nii.gz,0.5,1,1,0,0.5,1.0
Liver_Lesions_1188.nii.gz,0.15,34,4,5,0.8947368421052632,0.8717948717948718
Liver_Lesions_1188.nii.gz,0.2,33,5,6,0.868421052631579,0.8461538461538461
Liver_Lesions_1188.nii.gz,0.5,33,5,6,0.868421052631579,0.8461538461538461
Liver_Lesions_1190.nii.gz,0.15,5,3,1,0.625,0.8333333333333334
Liver_Lesions_1190.nii.gz,0.2,5,3,1,0.625,0.8333333333333334
Liver_Lesions_1190.nii.gz,0.5,5,3,1,0.625,0.8333333333333334
Liver_Lesions_1193.nii.gz,0.15,8,3,1,0.7272727272727273,0.8888888888888888
Liver_Lesions_1193.nii.gz,0.2,8,3,1,0.7272727272727273,0.8888888888888888
Liver_Lesions_1193.nii.gz,0.5,7,4,2,0.6363636363636364,0.7777777777777778
Liver_Lesions_1198.nii.gz,0.15,1,2,0,0.3333333333333333,1.0
Liver_Lesions_1198.nii.gz,0.2,1,2,0,0.3333333333333333,1.0
Liver_Lesions_1198.nii.gz,0.5,1,2,0,0.3333333333333333,1.0
Liver_Lesions_1201.nii.gz,0.15,10,0,3,1.0,0.7692307692307693
Liver_Lesions_1201.nii.gz,0.2,10,0,3,1.0,0.7692307692307693
Liver_Lesions_1201.nii.gz,0.5,9,1,4,0.9,0.6923076923076923
Liver_Lesions_1206.nii.gz,0.15,1,2,0,0.3333333333333333,1.0
Liver_Lesions_1206.nii.gz,0.2,1,2,0,0.3333333333333333,1.0
Liver_Lesions_1206.nii.gz,0.5,1,2,0,0.3333333333333333,1.0
Liver_Lesions_1207.nii.gz,0.15,2,5,3,0.2857142857142857,0.4
Liver_Lesions_1207.nii.gz,0.2,2,5,3,0.2857142857142857,0.4
Liver_Lesions_1207.nii.gz,0.5,2,5,3,0.2857142857142857,0.4
Liver_Lesions_1208.nii.gz,0.15,2,0,0,1.0,1.0
Liver_Lesions_1208.nii.gz,0.2,2,0,0,1.0,1.0
Liver_Lesions_1208.nii.gz,0.5,2,0,0,1.0,1.0
Liver_Lesions_1219.nii.gz,0.15,12,2,0,0.8571428571428571,1.0
Liver_Lesions_1219.nii.gz,0.2,12,2,0,0.8571428571428571,1.0
Liver_Lesions_1219.nii.gz,0.5,12,2,0,0.8571428571428571,1.0
Liver_Lesions_1220.nii.gz,0.15,5,4,0,0.5555555555555556,1.0
Liver_Lesions_1220.nii.gz,0.2,5,4,0,0.5555555555555556,1.0
Liver_Lesions_1220.nii.gz,0.5,5,4,0,0.5555555555555556,1.0
Liver_Lesions_1221.nii.gz,0.15,1,2,0,0.3333333333333333,1.0
Liver_Lesions_1221.nii.gz,0.2,1,2,0,0.3333333333333333,1.0
Liver_Lesions_1221.nii.gz,0.5,1,2,0,0.3333333333333333,1.0
Liver_Lesions_1227.nii.gz,0.15,6,2,1,0.75,0.8571428571428571
Liver_Lesions_1227.nii.gz,0.2,5,3,2,0.625,0.7142857142857143
Liver_Lesions_1227.nii.gz,0.5,4,4,3,0.5,0.5714285714285714
Liver_Lesions_1229.nii.gz,0.15,6,0,3,1.0,0.6666666666666666
Liver_Lesions_1229.nii.gz,0.2,6,0,3,1.0,0.6666666666666666
Liver_Lesions_1229.nii.gz,0.5,5,1,4,0.8333333333333334,0.5555555555555556
Liver_Lesions_1238.nii.gz,0.15,4,4,0,0.5,1.0
Liver_Lesions_1238.nii.gz,0.2,4,4,0,0.5,1.0
Liver_Lesions_1238.nii.gz,0.5,4,4,0,0.5,1.0
Liver_Lesions_1260.nii.gz,0.15,5,2,5,0.7142857142857143,0.5
Liver_Lesions_1260.nii.gz,0.2,5,2,5,0.7142857142857143,0.5
Liver_Lesions_1260.nii.gz,0.5,5,2,5,0.7142857142857143,0.5
Liver_Lesions_1262.nii.gz,0.15,8,3,3,0.7272727272727273,0.7272727272727273
Liver_Lesions_1262.nii.gz,0.2,8,3,3,0.7272727272727273,0.7272727272727273
Liver_Lesions_1262.nii.gz,0.5,7,4,4,0.6363636363636364,0.6363636363636364
Liver_Lesions_1264.nii.gz,0.15,2,3,0,0.4,1.0
Liver_Lesions_1264.nii.gz,0.2,2,3,0,0.4,1.0
Liver_Lesions_1264.nii.gz,0.5,2,3,0,0.4,1.0
Liver_Lesions_1266.nii.gz,0.15,3,2,2,0.6,0.6
Liver_Lesions_1266.nii.gz,0.2,3,2,2,0.6,0.6
Liver_Lesions_1266.nii.gz,0.5,3,2,2,0.6,0.6
Liver_Lesions_1268.nii.gz,0.15,0,2,1,0.0,0.0
Liver_Lesions_1268.nii.gz,0.2,0,2,1,0.0,0.0
Liver_Lesions_1268.nii.gz,0.5,0,2,1,0.0,0.0
Liver_Lesions_1277.nii.gz,0.15,19,8,12,0.7037037037037037,0.6129032258064516
Liver_Lesions_1277.nii.gz,0.2,18,9,13,0.6666666666666666,0.5806451612903226
Liver_Lesions_1277.nii.gz,0.5,14,13,17,0.5185185185185185,0.45161290322580644
Liver_Lesions_1281.nii.gz,0.15,4,3,5,0.5714285714285714,0.4444444444444444
Liver_Lesions_1281.nii.gz,0.2,4,3,5,0.5714285714285714,0.4444444444444444
Liver_Lesions_1281.nii.gz,0.5,4,3,5,0.5714285714285714,0.4444444444444444
Liver_Lesions_1282.nii.gz,0.15,1,3,0,0.25,1.0
Liver_Lesions_1282.nii.gz,0.2,1,3,0,0.25,1.0
Liver_Lesions_1282.nii.gz,0.5,1,3,0,0.25,1.0
Liver_Lesions_1283.nii.gz,0.15,0,3,0,0.0,
Liver_Lesions_1283.nii.gz,0.2,0,3,0,0.0,
Liver_Lesions_1283.nii.gz,0.5,0,3,0,0.0,
Liver_Lesions_1284.nii.gz,0.15,1,7,2,0.125,0.3333333333333333
Liver_Lesions_1284.nii.gz,0.2,1,7,2,0.125,0.3333333333333333
Liver_Lesions_1284.nii.gz,0.5,1,7,2,0.125,0.3333333333333333
Liver_Lesions_1294.nii.gz,0.15,9,1,1,0.9,0.9
Liver_Lesions_1294.nii.gz,0.2,9,1,1,0.9,0.9
Liver_Lesions_1294.nii.gz,0.5,7,3,3,0.7,0.7
Liver_Lesions_1298.nii.gz,0.15,9,0,0,1.0,1.0
Liver_Lesions_1298.nii.gz,0.2,9,0,0,1.0,1.0
Liver_Lesions_1298.nii.gz,0.5,7,2,2,0.7777777777777778,0.7777777777777778
Liver_Lesions_1302.nii.gz,0.15,5,2,0,0.7142857142857143,1.0
Liver_Lesions_1302.nii.gz,0.2,5,2,0,0.7142857142857143,1.0
Liver_Lesions_1302.nii.gz,0.5,5,2,0,0.7142857142857143,1.0
Liver_Lesions_1311.nii.gz,0.15,3,2,0,0.6,1.0
Liver_Lesions_1311.nii.gz,0.2,3,2,0,0.6,1.0
Liver_Lesions_1311.nii.gz,0.5,3,2,0,0.6,1.0
Liver_Lesions_1314.nii.gz,0.15,4,4,1,0.5,0.8
Liver_Lesions_1314.nii.gz,0.2,4,4,1,0.5,0.8
Liver_Lesions_1314.nii.gz,0.5,4,4,1,0.5,0.8
Liver_Lesions_1317.nii.gz,0.15,3,2,2,0.6,0.6
Liver_Lesions_1317.nii.gz,0.2,3,2,2,0.6,0.6
Liver_Lesions_1317.nii.gz,0.5,3,2,2,0.6,0.6
Liver_Lesions_1324.nii.gz,0.15,3,6,1,0.3333333333333333,0.75
Liver_Lesions_1324.nii.gz,0.2,3,6,1,0.3333333333333333,0.75
Liver_Lesions_1324.nii.gz,0.5,3,6,1,0.3333333333333333,0.75
Liver_Lesions_1328.nii.gz,0.15,0,1,1,0.0,0.0
Liver_Lesions_1328.nii.gz,0.2,0,1,1,0.0,0.0
Liver_Lesions_1328.nii.gz,0.5,0,1,1,0.0,0.0
Liver_Lesions_1331.nii.gz,0.15,6,3,1,0.6666666666666666,0.8571428571428571
Liver_Lesions_1331.nii.gz,0.2,6,3,1,0.6666666666666666,0.8571428571428571
Liver_Lesions_1331.nii.gz,0.5,5,4,2,0.5555555555555556,0.7142857142857143
Liver_Lesions_1335.nii.gz,0.15,4,4,11,0.5,0.26666666666666666
Liver_Lesions_1335.nii.gz,0.2,4,4,11,0.5,0.26666666666666666
Liver_Lesions_1335.nii.gz,0.5,4,4,11,0.5,0.26666666666666666
Liver_Lesions_1338.nii.gz,0.15,6,4,6,0.6,0.5
Liver_Lesions_1338.nii.gz,0.2,6,4,6,0.6,0.5
Liver_Lesions_1338.nii.gz,0.5,6,4,6,0.6,0.5
Liver_Lesions_1347.nii.gz,0.15,6,4,3,0.6,0.6666666666666666
Liver_Lesions_1347.nii.gz,0.2,6,4,3,0.6,0.6666666666666666
Liver_Lesions_1347.nii.gz,0.5,5,5,4,0.5,0.5555555555555556
Liver_Lesions_1357.nii.gz,0.15,6,5,0,0.5454545454545454,1.0
Liver_Lesions_1357.nii.gz,0.2,6,5,0,0.5454545454545454,1.0
Liver_Lesions_1357.nii.gz,0.5,4,7,2,0.36363636363636365,0.6666666666666666
Liver_Lesions_1361.nii.gz,0.15,11,8,2,0.5789473684210527,0.8461538461538461
Liver_Lesions_1361.nii.gz,0.2,11,8,2,0.5789473684210527,0.8461538461538461
Liver_Lesions_1361.nii.gz,0.5,10,9,3,0.5263157894736842,0.7692307692307693
Liver_Lesions_1362.nii.gz,0.15,13,0,1,1.0,0.9285714285714286
Liver_Lesions_1362.nii.gz,0.2,13,0,1,1.0,0.9285714285714286
Liver_Lesions_1362.nii.gz,0.5,13,0,1,1.0,0.9285714285714286
Liver_Lesions_1372.nii.gz,0.15,1,1,1,0.5,0.5
Liver_Lesions_1372.nii.gz,0.2,1,1,1,0.5,0.5
Liver_Lesions_1372.nii.gz,0.5,1,1,1,0.5,0.5
Liver_Lesions_1374.nii.gz,0.15,13,13,1,0.5,0.9285714285714286
Liver_Lesions_1374.nii.gz,0.2,13,13,1,0.5,0.9285714285714286
Liver_Lesions_1374.nii.gz,0.5,11,15,3,0.4230769230769231,0.7857142857142857
Liver_Lesions_1380.nii.gz,0.15,3,1,0,0.75,1.0
Liver_Lesions_1380.nii.gz,0.2,3,1,0,0.75,1.0
Liver_Lesions_1380.nii.gz,0.5,3,1,0,0.75,1.0
Liver_Lesions_1383.nii.gz,0.15,2,19,7,0.09523809523809523,0.2222222222222222
Liver_Lesions_1383.nii.gz,0.2,2,19,7,0.09523809523809523,0.2222222222222222
Liver_Lesions_1383.nii.gz,0.5,1,20,8,0.047619047619047616,0.1111111111111111
Liver_Lesions_1390.nii.gz,0.15,0,4,1,0.0,0.0
Liver_Lesions_1390.nii.gz,0.2,0,4,1,0.0,0.0
Liver_Lesions_1390.nii.gz,0.5,0,4,1,0.0,0.0
Liver_Lesions_1394.nii.gz,0.15,11,4,6,0.7333333333333333,0.6470588235294118
Liver_Lesions_1394.nii.gz,0.2,11,4,6,0.7333333333333333,0.6470588235294118
Liver_Lesions_1394.nii.gz,0.5,9,6,8,0.6,0.5294117647058824
Liver_Lesions_1395.nii.gz,0.15,1,0,1,1.0,0.5
Liver_Lesions_1395.nii.gz,0.2,1,0,1,1.0,0.5
Liver_Lesions_1395.nii.gz,0.5,1,0,1,1.0,0.5
Liver_Lesions_1403.nii.gz,0.15,0,1,1,0.0,0.0
Liver_Lesions_1403.nii.gz,0.2,0,1,1,0.0,0.0
Liver_Lesions_1403.nii.gz,0.5,0,1,1,0.0,0.0
Liver_Lesions_1413.nii.gz,0.15,1,4,0,0.2,1.0
Liver_Lesions_1413.nii.gz,0.2,1,4,0,0.2,1.0
Liver_Lesions_1413.nii.gz,0.5,1,4,0,0.2,1.0
Liver_Lesions_1414.nii.gz,0.15,2,3,0,0.4,1.0
Liver_Lesions_1414.nii.gz,0.2,2,3,0,0.4,1.0
Liver_Lesions_1414.nii.gz,0.5,2,3,0,0.4,1.0
Liver_Lesions_1423.nii.gz,0.15,2,0,0,1.0,1.0
Liver_Lesions_1423.nii.gz,0.2,2,0,0,1.0,1.0
Liver_Lesions_1423.nii.gz,0.5,2,0,0,1.0,1.0
Liver_Lesions_1426.nii.gz,0.15,4,3,1,0.5714285714285714,0.8
Liver_Lesions_1426.nii.gz,0.2,4,3,1,0.5714285714285714,0.8
Liver_Lesions_1426.nii.gz,0.5,4,3,1,0.5714285714285714,0.8
Liver_Lesions_1428.nii.gz,0.15,5,0,0,1.0,1.0
Liver_Lesions_1428.nii.gz,0.2,5,0,0,1.0,1.0
Liver_Lesions_1428.nii.gz,0.5,5,0,0,1.0,1.0
Liver_Lesions_1432.nii.gz,0.15,4,2,2,0.6666666666666666,0.6666666666666666
Liver_Lesions_1432.nii.gz,0.2,4,2,2,0.6666666666666666,0.6666666666666666
Liver_Lesions_1432.nii.gz,0.5,4,2,2,0.6666666666666666,0.6666666666666666
Liver_Lesions_1436.nii.gz,0.15,2,1,0,0.6666666666666666,1.0
Liver_Lesions_1436.nii.gz,0.2,2,1,0,0.6666666666666666,1.0
Liver_Lesions_1436.nii.gz,0.5,1,2,1,0.3333333333333333,0.5
Liver_Lesions_1453.nii.gz,0.15,14,1,1,0.9333333333333333,0.9333333333333333
Liver_Lesions_1453.nii.gz,0.2,14,1,1,0.9333333333333333,0.9333333333333333
Liver_Lesions_1453.nii.gz,0.5,13,2,2,0.8666666666666667,0.8666666666666667
Liver_Lesions_1455.nii.gz,0.15,1,1,0,0.5,1.0
Liver_Lesions_1455.nii.gz,0.2,1,1,0,0.5,1.0
Liver_Lesions_1455.nii.gz,0.5,1,1,0,0.5,1.0
Liver_Lesions_1462.nii.gz,0.15,1,4,0,0.2,1.0
Liver_Lesions_1462.nii.gz,0.2,1,4,0,0.2,1.0
Liver_Lesions_1462.nii.gz,0.5,1,4,0,0.2,1.0
Liver_Lesions_1465.nii.gz,0.15,6,2,1,0.75,0.8571428571428571
Liver_Lesions_1465.nii.gz,0.2,6,2,1,0.75,0.8571428571428571
Liver_Lesions_1465.nii.gz,0.5,6,2,1,0.75,0.8571428571428571
Liver_Lesions_1467.nii.gz,0.15,2,2,0,0.5,1.0
Liver_Lesions_1467.nii.gz,0.2,2,2,0,0.5,1.0
Liver_Lesions_1467.nii.gz,0.5,2,2,0,0.5,1.0
Liver_Lesions_1468.nii.gz,0.15,20,5,3,0.8,0.8695652173913043
Liver_Lesions_1468.nii.gz,0.2,20,5,3,0.8,0.8695652173913043
Liver_Lesions_1468.nii.gz,0.5,17,8,6,0.68,0.7391304347826086
Liver_Lesions_1487.nii.gz,0.15,1,1,1,0.5,0.5
Liver_Lesions_1487.nii.gz,0.2,1,1,1,0.5,0.5
Liver_Lesions_1487.nii.gz,0.5,1,1,1,0.5,0.5
Liver_Lesions_1488.nii.gz,0.15,5,5,1,0.5,0.8333333333333334
Liver_Lesions_1488.nii.gz,0.2,5,5,1,0.5,0.8333333333333334
Liver_Lesions_1488.nii.gz,0.5,5,5,1,0.5,0.8333333333333334
Liver_Lesions_1489.nii.gz,0.15,0,2,2,0.0,0.0
Liver_Lesions_1489.nii.gz,0.2,0,2,2,0.0,0.0
Liver_Lesions_1489.nii.gz,0.5,0,2,2,0.0,0.0
Liver_Lesions_1509.nii.gz,0.15,5,2,2,0.7142857142857143,0.7142857142857143
Liver_Lesions_1509.nii.gz,0.2,5,2,2,0.7142857142857143,0.7142857142857143
Liver_Lesions_1509.nii.gz,0.5,3,4,4,0.42857142857142855,0.42857142857142855
Liver_Lesions_1511.nii.gz,0.15,14,18,11,0.4375,0.56
Liver_Lesions_1511.nii.gz,0.2,14,18,11,0.4375,0.56
Liver_Lesions_1511.nii.gz,0.5,10,22,15,0.3125,0.4
Liver_Lesions_1513.nii.gz,0.15,9,0,2,1.0,0.8181818181818182
Liver_Lesions_1513.nii.gz,0.2,8,1,3,0.8888888888888888,0.7272727272727273
Liver_Lesions_1513.nii.gz,0.5,8,1,3,0.8888888888888888,0.7272727272727273
Liver_Lesions_1523.nii.gz,0.15,1,1,0,0.5,1.0
Liver_Lesions_1523.nii.gz,0.2,1,1,0,0.5,1.0
Liver_Lesions_1523.nii.gz,0.5,1,1,0,0.5,1.0
Liver_Lesions_1526.nii.gz,0.15,8,8,3,0.5,0.7272727272727273
Liver_Lesions_1526.nii.gz,0.2,7,9,4,0.4375,0.6363636363636364
Liver_Lesions_1526.nii.gz,0.5,6,10,5,0.375,0.5454545454545454
Liver_Lesions_1529.nii.gz,0.15,40,10,6,0.8,0.8695652173913043
Liver_Lesions_1529.nii.gz,0.2,40,10,6,0.8,0.8695652173913043
Liver_Lesions_1529.nii.gz,0.5,33,17,13,0.66,0.717391304347826
Liver_Lesions_1536.nii.gz,0.15,2,0,1,1.0,0.6666666666666666
Liver_Lesions_1536.nii.gz,0.2,2,0,1,1.0,0.6666666666666666
Liver_Lesions_1536.nii.gz,0.5,2,0,1,1.0,0.6666666666666666
Liver_Lesions_1544.nii.gz,0.15,11,14,4,0.44,0.7333333333333333
Liver_Lesions_1544.nii.gz,0.2,11,14,4,0.44,0.7333333333333333
Liver_Lesions_1544.nii.gz,0.5,9,16,6,0.36,0.6
Liver_Lesions_1545.nii.gz,0.15,0,1,2,0.0,0.0
Liver_Lesions_1545.nii.gz,0.2,0,1,2,0.0,0.0
Liver_Lesions_1545.nii.gz,0.5,0,1,2,0.0,0.0
Liver_Lesions_1549.nii.gz,0.15,4,1,0,0.8,1.0
Liver_Lesions_1549.nii.gz,0.2,4,1,0,0.8,1.0
Liver_Lesions_1549.nii.gz,0.5,4,1,0,0.8,1.0
Liver_Lesions_1552.nii.gz,0.15,2,3,0,0.4,1.0
Liver_Lesions_1552.nii.gz,0.2,2,3,0,0.4,1.0
Liver_Lesions_1552.nii.gz,0.5,2,3,0,0.4,1.0
Liver_Lesions_1563.nii.gz,0.15,30,12,25,0.7142857142857143,0.5454545454545454
Liver_Lesions_1563.nii.gz,0.2,29,13,26,0.6904761904761905,0.5272727272727272
Liver_Lesions_1563.nii.gz,0.5,23,19,32,0.5476190476190477,0.41818181818181815
Liver_Lesions_1571.nii.gz,0.15,0,5,1,0.0,0.0
Liver_Lesions_1571.nii.gz,0.2,0,5,1,0.0,0.0
Liver_Lesions_1571.nii.gz,0.5,0,5,1,0.0,0.0
Liver_Lesions_1584.nii.gz,0.15,4,1,0,0.8,1.0
Liver_Lesions_1584.nii.gz,0.2,4,1,0,0.8,1.0
Liver_Lesions_1584.nii.gz,0.5,3,2,1,0.6,0.75
Liver_Lesions_1588.nii.gz,0.15,5,1,11,0.8333333333333334,0.3125
Liver_Lesions_1588.nii.gz,0.2,5,1,11,0.8333333333333334,0.3125
Liver_Lesions_1588.nii.gz,0.5,4,2,12,0.6666666666666666,0.25
Liver_Lesions_1589.nii.gz,0.15,4,0,1,1.0,0.8
Liver_Lesions_1589.nii.gz,0.2,4,0,1,1.0,0.8
Liver_Lesions_1589.nii.gz,0.5,3,1,2,0.75,0.6
Liver_Lesions_1602.nii.gz,0.15,5,2,4,0.7142857142857143,0.5555555555555556
Liver_Lesions_1602.nii.gz,0.2,5,2,4,0.7142857142857143,0.5555555555555556
Liver_Lesions_1602.nii.gz,0.5,5,2,4,0.7142857142857143,0.5555555555555556
Liver_Lesions_1603.nii.gz,0.15,4,8,0,0.3333333333333333,1.0
Liver_Lesions_1603.nii.gz,0.2,4,8,0,0.3333333333333333,1.0
Liver_Lesions_1603.nii.gz,0.5,4,8,0,0.3333333333333333,1.0
Liver_Lesions_1608.nii.gz,0.15,35,4,6,0.8974358974358975,0.8536585365853658
Liver_Lesions_1608.nii.gz,0.2,35,4,6,0.8974358974358975,0.8536585365853658
Liver_Lesions_1608.nii.gz,0.5,30,9,11,0.7692307692307693,0.7317073170731707
Liver_Lesions_1611.nii.gz,0.15,4,1,1,0.8,0.8
Liver_Lesions_1611.nii.gz,0.2,4,1,1,0.8,0.8
Liver_Lesions_1611.nii.gz,0.5,4,1,1,0.8,0.8
Liver_Lesions_1612.nii.gz,0.15,7,4,1,0.6363636363636364,0.875
Liver_Lesions_1612.nii.gz,0.2,7,4,1,0.6363636363636364,0.875
Liver_Lesions_1612.nii.gz,0.5,6,5,2,0.5454545454545454,0.75
Liver_Lesions_1617.nii.gz,0.15,5,10,1,0.3333333333333333,0.8333333333333334
Liver_Lesions_1617.nii.gz,0.2,5,10,1,0.3333333333333333,0.8333333333333334
Liver_Lesions_1617.nii.gz,0.5,5,10,1,0.3333333333333333,0.8333333333333334
Liver_Lesions_1618.nii.gz,0.15,4,8,3,0.3333333333333333,0.5714285714285714
Liver_Lesions_1618.nii.gz,0.2,4,8,3,0.3333333333333333,0.5714285714285714
Liver_Lesions_1618.nii.gz,0.5,3,9,4,0.25,0.42857142857142855
Liver_Lesions_1622.nii.gz,0.15,4,3,6,0.5714285714285714,0.4
Liver_Lesions_1622.nii.gz,0.2,4,3,6,0.5714285714285714,0.4
Liver_Lesions_1622.nii.gz,0.5,3,4,7,0.42857142857142855,0.3
Liver_Lesions_1625.nii.gz,0.15,1,0,0,1.0,1.0
Liver_Lesions_1625.nii.gz,0.2,1,0,0,1.0,1.0
Liver_Lesions_1625.nii.gz,0.5,1,0,0,1.0,1.0
Liver_Lesions_1634.nii.gz,0.15,2,0,1,1.0,0.6666666666666666
Liver_Lesions_1634.nii.gz,0.2,2,0,1,1.0,0.6666666666666666
Liver_Lesions_1634.nii.gz,0.5,1,1,2,0.5,0.3333333333333333
Liver_Lesions_1635.nii.gz,0.15,1,0,1,1.0,0.5
Liver_Lesions_1635.nii.gz,0.2,1,0,1,1.0,0.5
Liver_Lesions_1635.nii.gz,0.5,1,0,1,1.0,0.5
Liver_Lesions_1637.nii.gz,0.15,0,2,0,0.0,
Liver_Lesions_1637.nii.gz,0.2,0,2,0,0.0,
Liver_Lesions_1637.nii.gz,0.5,0,2,0,0.0,
Liver_Lesions_1638.nii.gz,0.15,3,4,0,0.42857142857142855,1.0
Liver_Lesions_1638.nii.gz,0.2,3,4,0,0.42857142857142855,1.0
Liver_Lesions_1638.nii.gz,0.5,3,4,0,0.42857142857142855,1.0
Liver_Lesions_1641.nii.gz,0.15,8,3,2,0.7272727272727273,0.8
Liver_Lesions_1641.nii.gz,0.2,8,3,2,0.7272727272727273,0.8
Liver_Lesions_1641.nii.gz,0.5,5,6,5,0.45454545454545453,0.5
Liver_Lesions_1647.nii.gz,0.15,1,1,0,0.5,1.0
Liver_Lesions_1647.nii.gz,0.2,1,1,0,0.5,1.0
Liver_Lesions_1647.nii.gz,0.5,1,1,0,0.5,1.0
Liver_Lesions_1650.nii.gz,0.15,6,5,2,0.5454545454545454,0.75
Liver_Lesions_1650.nii.gz,0.2,6,5,2,0.5454545454545454,0.75
Liver_Lesions_1650.nii.gz,0.5,2,9,6,0.18181818181818182,0.25
Liver_Lesions_1652.nii.gz,0.15,12,5,2,0.7058823529411765,0.8571428571428571
Liver_Lesions_1652.nii.gz,0.2,12,5,2,0.7058823529411765,0.8571428571428571
Liver_Lesions_1652.nii.gz,0.5,10,7,4,0.5882352941176471,0.7142857142857143
Liver_Lesions_1658.nii.gz,0.15,8,1,2,0.8888888888888888,0.8
Liver_Lesions_1658.nii.gz,0.2,8,1,2,0.8888888888888888,0.8
Liver_Lesions_1658.nii.gz,0.5,8,1,2,0.8888888888888888,0.8
Liver_Lesions_1664.nii.gz,0.15,1,0,1,1.0,0.5
Liver_Lesions_1664.nii.gz,0.2,1,0,1,1.0,0.5
Liver_Lesions_1664.nii.gz,0.5,1,0,1,1.0,0.5
Liver_Lesions_1666.nii.gz,0.15,5,5,6,0.5,0.45454545454545453
Liver_Lesions_1666.nii.gz,0.2,4,6,7,0.4,0.36363636363636365
Liver_Lesions_1666.nii.gz,0.5,4,6,7,0.4,0.36363636363636365
Liver_Lesions_1667.nii.gz,0.15,6,7,4,0.46153846153846156,0.6
Liver_Lesions_1667.nii.gz,0.2,6,7,4,0.46153846153846156,0.6
Liver_Lesions_1667.nii.gz,0.5,6,7,4,0.46153846153846156,0.6
Liver_Lesions_1673.nii.gz,0.15,1,4,4,0.2,0.2
Liver_Lesions_1673.nii.gz,0.2,1,4,4,0.2,0.2
Liver_Lesions_1673.nii.gz,0.5,1,4,4,0.2,0.2
Liver_Lesions_1677.nii.gz,0.15,1,1,0,0.5,1.0
Liver_Lesions_1677.nii.gz,0.2,1,1,0,0.5,1.0
Liver_Lesions_1677.nii.gz,0.5,1,1,0,0.5,1.0
Liver_Lesions_1685.nii.gz,0.15,3,7,1,0.3,0.75
Liver_Lesions_1685.nii.gz,0.2,3,7,1,0.3,0.75
Liver_Lesions_1685.nii.gz,0.5,2,8,2,0.2,0.5
Liver_Lesions_1689.nii.gz,0.15,1,2,1,0.3333333333333333,0.5
Liver_Lesions_1689.nii.gz,0.2,1,2,1,0.3333333333333333,0.5
Liver_Lesions_1689.nii.gz,0.5,1,2,1,0.3333333333333333,0.5
Liver_Lesions_1692.nii.gz,0.15,7,2,0,0.7777777777777778,1.0
Liver_Lesions_1692.nii.gz,0.2,7,2,0,0.7777777777777778,1.0
Liver_Lesions_1692.nii.gz,0.5,5,4,2,0.5555555555555556,0.7142857142857143
Liver_Lesions_1696.nii.gz,0.15,6,1,1,0.8571428571428571,0.8571428571428571
Liver_Lesions_1696.nii.gz,0.2,6,1,1,0.8571428571428571,0.8571428571428571
Liver_Lesions_1696.nii.gz,0.5,6,1,1,0.8571428571428571,0.8571428571428571
Liver_Lesions_1698.nii.gz,0.15,1,1,0,0.5,1.0
Liver_Lesions_1698.nii.gz,0.2,1,1,0,0.5,1.0
Liver_Lesions_1698.nii.gz,0.5,1,1,0,0.5,1.0
Liver_Lesions_1707.nii.gz,0.15,2,2,1,0.5,0.6666666666666666
Liver_Lesions_1707.nii.gz,0.2,2,2,1,0.5,0.6666666666666666
Liver_Lesions_1707.nii.gz,0.5,1,3,2,0.25,0.3333333333333333
Liver_Lesions_1709.nii.gz,0.15,1,6,0,0.14285714285714285,1.0
Liver_Lesions_1709.nii.gz,0.2,1,6,0,0.14285714285714285,1.0
Liver_Lesions_1709.nii.gz,0.5,1,6,0,0.14285714285714285,1.0
Liver_Lesions_1710.nii.gz,0.15,3,0,1,1.0,0.75
Liver_Lesions_1710.nii.gz,0.2,3,0,1,1.0,0.75
Liver_Lesions_1710.nii.gz,0.5,3,0,1,1.0,0.75
Liver_Lesions_1711.nii.gz,0.15,1,2,2,0.3333333333333333,0.3333333333333333
Liver_Lesions_1711.nii.gz,0.2,1,2,2,0.3333333333333333,0.3333333333333333
Liver_Lesions_1711.nii.gz,0.5,1,2,2,0.3333333333333333,0.3333333333333333
Liver_Lesions_1718.nii.gz,0.15,2,4,0,0.3333333333333333,1.0
Liver_Lesions_1718.nii.gz,0.2,2,4,0,0.3333333333333333,1.0
Liver_Lesions_1718.nii.gz,0.5,2,4,0,0.3333333333333333,1.0
Liver_Lesions_1721.nii.gz,0.15,15,52,23,0.22388059701492538,0.39473684210526316
Liver_Lesions_1721.nii.gz,0.2,15,52,23,0.22388059701492538,0.39473684210526316
Liver_Lesions_1721.nii.gz,0.5,12,55,26,0.1791044776119403,0.3157894736842105
Liver_Lesions_1738.nii.gz,0.15,5,5,1,0.5,0.8333333333333334
Liver_Lesions_1738.nii.gz,0.2,4,6,2,0.4,0.6666666666666666
Liver_Lesions_1738.nii.gz,0.5,3,7,3,0.3,0.5
Liver_Lesions_1746.nii.gz,0.15,5,3,0,0.625,1.0
Liver_Lesions_1746.nii.gz,0.2,5,3,0,0.625,1.0
Liver_Lesions_1746.nii.gz,0.5,5,3,0,0.625,1.0
Liver_Lesions_1756.nii.gz,0.15,0,11,3,0.0,0.0
Liver_Lesions_1756.nii.gz,0.2,0,11,3,0.0,0.0
Liver_Lesions_1756.nii.gz,0.5,0,11,3,0.0,0.0
Liver_Lesions_1757.nii.gz,0.15,13,5,3,0.7222222222222222,0.8125
Liver_Lesions_1757.nii.gz,0.2,12,6,4,0.6666666666666666,0.75
Liver_Lesions_1757.nii.gz,0.5,10,8,6,0.5555555555555556,0.625
Liver_Lesions_1761.nii.gz,0.15,3,4,1,0.42857142857142855,0.75
Liver_Lesions_1761.nii.gz,0.2,3,4,1,0.42857142857142855,0.75
Liver_Lesions_1761.nii.gz,0.5,3,4,1,0.42857142857142855,0.75
Liver_Lesions_1763.nii.gz,0.15,0,0,0,,
Liver_Lesions_1763.nii.gz,0.2,0,0,0,,
Liver_Lesions_1763.nii.gz,0.5,0,0,0,,
Liver_Lesions_1765.nii.gz,0.15,2,14,13,0.125,0.13333333333333333
Liver_Lesions_1765.nii.gz,0.2,2,14,13,0.125,0.13333333333333333
Liver_Lesions_1765.nii.gz,0.5,1,15,14,0.0625,0.06666666666666667
Liver_Lesions_1766.nii.gz,0.15,40,32,38,0.5555555555555556,0.5128205128205128
Liver_Lesions_1766.nii.gz,0.2,39,33,39,0.5416666666666666,0.5
Liver_Lesions_1766.nii.gz,0.5,31,41,47,0.4305555555555556,0.3974358974358974
Liver_Lesions_1775.nii.gz,0.15,4,2,1,0.6666666666666666,0.8
Liver_Lesions_1775.nii.gz,0.2,4,2,1,0.6666666666666666,0.8
Liver_Lesions_1775.nii.gz,0.5,4,2,1,0.6666666666666666,0.8
Liver_Lesions_1782.nii.gz,0.15,7,2,3,0.7777777777777778,0.7
Liver_Lesions_1782.nii.gz,0.2,7,2,3,0.7777777777777778,0.7
Liver_Lesions_1782.nii.gz,0.5,4,5,6,0.4444444444444444,0.4
Liver_Lesions_1792.nii.gz,0.15,15,0,3,1.0,0.8333333333333334
Liver_Lesions_1792.nii.gz,0.2,15,0,3,1.0,0.8333333333333334
Liver_Lesions_1792.nii.gz,0.5,15,0,3,1.0,0.8333333333333334
Liver_Lesions_1794.nii.gz,0.15,2,2,0,0.5,1.0
Liver_Lesions_1794.nii.gz,0.2,2,2,0,0.5,1.0
Liver_Lesions_1794.nii.gz,0.5,1,3,1,0.25,0.5
Liver_Lesions_1798.nii.gz,0.15,3,4,1,0.42857142857142855,0.75
Liver_Lesions_1798.nii.gz,0.2,3,4,1,0.42857142857142855,0.75
Liver_Lesions_1798.nii.gz,0.5,2,5,2,0.2857142857142857,0.5
Liver_Lesions_1799.nii.gz,0.15,1,4,0,0.2,1.0
Liver_Lesions_1799.nii.gz,0.2,1,4,0,0.2,1.0
Liver_Lesions_1799.nii.gz,0.5,1,4,0,0.2,1.0
Liver_Lesions_1808.nii.gz,0.15,2,3,1,0.4,0.6666666666666666
Liver_Lesions_1808.nii.gz,0.2,2,3,1,0.4,0.6666666666666666
Liver_Lesions_1808.nii.gz,0.5,2,3,1,0.4,0.6666666666666666
Liver_Lesions_1809.nii.gz,0.15,2,4,0,0.3333333333333333,1.0
Liver_Lesions_1809.nii.gz,0.2,2,4,0,0.3333333333333333,1.0
Liver_Lesions_1809.nii.gz,0.5,2,4,0,0.3333333333333333,1.0
Liver_Lesions_1811.nii.gz,0.15,1,1,0,0.5,1.0
Liver_Lesions_1811.nii.gz,0.2,1,1,0,0.5,1.0
Liver_Lesions_1811.nii.gz,0.5,1,1,0,0.5,1.0
Liver_Lesions_1812.nii.gz,0.15,2,2,0,0.5,1.0
Liver_Lesions_1812.nii.gz,0.2,2,2,0,0.5,1.0
Liver_Lesions_1812.nii.gz,0.5,1,3,1,0.25,0.5
Liver_Lesions_1822.nii.gz,0.15,3,7,4,0.3,0.42857142857142855
Liver_Lesions_1822.nii.gz,0.2,3,7,4,0.3,0.42857142857142855
Liver_Lesions_1822.nii.gz,0.5,3,7,4,0.3,0.42857142857142855
Liver_Lesions_1837.nii.gz,0.15,0,11,0,0.0,
Liver_Lesions_1837.nii.gz,0.2,0,11,0,0.0,
Liver_Lesions_1837.nii.gz,0.5,0,11,0,0.0,
Liver_Lesions_1840.nii.gz,0.15,2,0,0,1.0,1.0
Liver_Lesions_1840.nii.gz,0.2,2,0,0,1.0,1.0
Liver_Lesions_1840.nii.gz,0.5,2,0,0,1.0,1.0
MCT_LTDiag_1037.nii.gz,0.15,1,1,0,0.5,1.0
MCT_LTDiag_1037.nii.gz,0.2,1,1,0,0.5,1.0
MCT_LTDiag_1037.nii.gz,0.5,1,1,0,0.5,1.0
MCT_LTDiag_1039.nii.gz,0.15,7,5,3,0.5833333333333334,0.7
MCT_LTDiag_1039.nii.gz,0.2,7,5,3,0.5833333333333334,0.7
MCT_LTDiag_1039.nii.gz,0.5,4,8,6,0.3333333333333333,0.4
MCT_LTDiag_1042.nii.gz,0.15,6,2,20,0.75,0.23076923076923078
MCT_LTDiag_1042.nii.gz,0.2,5,3,21,0.625,0.19230769230769232
MCT_LTDiag_1042.nii.gz,0.5,2,6,24,0.25,0.07692307692307693
MCT_LTDiag_1046.nii.gz,0.15,2,1,1,0.6666666666666666,0.6666666666666666
MCT_LTDiag_1046.nii.gz,0.2,2,1,1,0.6666666666666666,0.6666666666666666
MCT_LTDiag_1046.nii.gz,0.5,0,3,3,0.0,0.0
MCT_LTDiag_1069.nii.gz,0.15,2,1,1,0.6666666666666666,0.6666666666666666
MCT_LTDiag_1069.nii.gz,0.2,2,1,1,0.6666666666666666,0.6666666666666666
MCT_LTDiag_1069.nii.gz,0.5,1,2,2,0.3333333333333333,0.3333333333333333
MCT_LTDiag_1080.nii.gz,0.15,1,2,3,0.3333333333333333,0.25
MCT_LTDiag_1080.nii.gz,0.2,1,2,3,0.3333333333333333,0.25
MCT_LTDiag_1080.nii.gz,0.5,1,2,3,0.3333333333333333,0.25
MCT_LTDiag_1090.nii.gz,0.15,1,4,0,0.2,1.0
MCT_LTDiag_1090.nii.gz,0.2,1,4,0,0.2,1.0
MCT_LTDiag_1090.nii.gz,0.5,1,4,0,0.2,1.0
MCT_LTDiag_1097.nii.gz,0.15,2,2,0,0.5,1.0
MCT_LTDiag_1097.nii.gz,0.2,1,3,1,0.25,0.5
MCT_LTDiag_1097.nii.gz,0.5,0,4,2,0.0,0.0
MCT_LTDiag_1103.nii.gz,0.15,3,4,2,0.42857142857142855,0.6
MCT_LTDiag_1103.nii.gz,0.2,3,4,2,0.42857142857142855,0.6
MCT_LTDiag_1103.nii.gz,0.5,2,5,3,0.2857142857142857,0.4
MCT_LTDiag_1106.nii.gz,0.15,1,2,2,0.3333333333333333,0.3333333333333333
MCT_LTDiag_1106.nii.gz,0.2,1,2,2,0.3333333333333333,0.3333333333333333
MCT_LTDiag_1106.nii.gz,0.5,1,2,2,0.3333333333333333,0.3333333333333333
MCT_LTDiag_1113.nii.gz,0.15,1,2,4,0.3333333333333333,0.2
MCT_LTDiag_1113.nii.gz,0.2,1,2,4,0.3333333333333333,0.2
MCT_LTDiag_1113.nii.gz,0.5,1,2,4,0.3333333333333333,0.2
MCT_LTDiag_1115.nii.gz,0.15,2,0,0,1.0,1.0
MCT_LTDiag_1115.nii.gz,0.2,2,0,0,1.0,1.0
MCT_LTDiag_1115.nii.gz,0.5,1,1,1,0.5,0.5
MCT_LTDiag_1117.nii.gz,0.15,2,10,6,0.16666666666666666,0.25
MCT_LTDiag_1117.nii.gz,0.2,2,10,6,0.16666666666666666,0.25
MCT_LTDiag_1117.nii.gz,0.5,2,10,6,0.16666666666666666,0.25
MCT_LTDiag_1118.nii.gz,0.15,3,0,2,1.0,0.6
MCT_LTDiag_1118.nii.gz,0.2,3,0,2,1.0,0.6
MCT_LTDiag_1118.nii.gz,0.5,2,1,3,0.6666666666666666,0.4
MCT_LTDiag_1120.nii.gz,0.15,1,1,2,0.5,0.3333333333333333
MCT_LTDiag_1120.nii.gz,0.2,1,1,2,0.5,0.3333333333333333
MCT_LTDiag_1120.nii.gz,0.5,1,1,2,0.5,0.3333333333333333
MCT_LTDiag_1130.nii.gz,0.15,1,12,15,0.07692307692307693,0.0625
MCT_LTDiag_1130.nii.gz,0.2,1,12,15,0.07692307692307693,0.0625
MCT_LTDiag_1130.nii.gz,0.5,1,12,15,0.07692307692307693,0.0625
MCT_LTDiag_1131.nii.gz,0.15,4,4,30,0.5,0.11764705882352941
MCT_LTDiag_1131.nii.gz,0.2,4,4,30,0.5,0.11764705882352941
MCT_LTDiag_1131.nii.gz,0.5,2,6,32,0.25,0.058823529411764705
MCT_LTDiag_1134.nii.gz,0.15,1,3,0,0.25,1.0
MCT_LTDiag_1134.nii.gz,0.2,1,3,0,0.25,1.0
MCT_LTDiag_1134.nii.gz,0.5,1,3,0,0.25,1.0
MCT_LTDiag_1138.nii.gz,0.15,3,2,4,0.6,0.42857142857142855
MCT_LTDiag_1138.nii.gz,0.2,3,2,4,0.6,0.42857142857142855
MCT_LTDiag_1138.nii.gz,0.5,1,4,6,0.2,0.14285714285714285
MCT_LTDiag_1139.nii.gz,0.15,1,2,1,0.3333333333333333,0.5
MCT_LTDiag_1139.nii.gz,0.2,1,2,1,0.3333333333333333,0.5
MCT_LTDiag_1139.nii.gz,0.5,1,2,1,0.3333333333333333,0.5
MCT_LTDiag_1147.nii.gz,0.15,1,6,1,0.14285714285714285,0.5
MCT_LTDiag_1147.nii.gz,0.2,1,6,1,0.14285714285714285,0.5
MCT_LTDiag_1147.nii.gz,0.5,1,6,1,0.14285714285714285,0.5
MCT_LTDiag_1154.nii.gz,0.15,1,5,1,0.16666666666666666,0.5
MCT_LTDiag_1154.nii.gz,0.2,1,5,1,0.16666666666666666,0.5
MCT_LTDiag_1154.nii.gz,0.5,1,5,1,0.16666666666666666,0.5
MCT_LTDiag_1156.nii.gz,0.15,1,5,0,0.16666666666666666,1.0
MCT_LTDiag_1156.nii.gz,0.2,1,5,0,0.16666666666666666,1.0
MCT_LTDiag_1156.nii.gz,0.5,1,5,0,0.16666666666666666,1.0
MCT_LTDiag_1160.nii.gz,0.15,1,2,0,0.3333333333333333,1.0
MCT_LTDiag_1160.nii.gz,0.2,1,2,0,0.3333333333333333,1.0
MCT_LTDiag_1160.nii.gz,0.5,0,3,1,0.0,0.0
MCT_LTDiag_1161.nii.gz,0.15,1,3,5,0.25,0.16666666666666666
MCT_LTDiag_1161.nii.gz,0.2,1,3,5,0.25,0.16666666666666666
MCT_LTDiag_1161.nii.gz,0.5,1,3,5,0.25,0.16666666666666666
MCT_LTDiag_1164.nii.gz,0.15,1,1,0,0.5,1.0
MCT_LTDiag_1164.nii.gz,0.2,1,1,0,0.5,1.0
MCT_LTDiag_1164.nii.gz,0.5,1,1,0,0.5,1.0
MCT_LTDiag_1167.nii.gz,0.15,2,11,0,0.15384615384615385,1.0
MCT_LTDiag_1167.nii.gz,0.2,2,11,0,0.15384615384615385,1.0
MCT_LTDiag_1167.nii.gz,0.5,2,11,0,0.15384615384615385,1.0
MCT_LTDiag_1169.nii.gz,0.15,3,4,2,0.42857142857142855,0.6
MCT_LTDiag_1169.nii.gz,0.2,3,4,2,0.42857142857142855,0.6
MCT_LTDiag_1169.nii.gz,0.5,2,5,3,0.2857142857142857,0.4
MCT_LTDiag_1170.nii.gz,0.15,1,1,1,0.5,0.5
MCT_LTDiag_1170.nii.gz,0.2,1,1,1,0.5,0.5
MCT_LTDiag_1170.nii.gz,0.5,1,1,1,0.5,0.5
MCT_LTDiag_1173.nii.gz,0.15,1,13,1,0.07142857142857142,0.5
MCT_LTDiag_1173.nii.gz,0.2,1,13,1,0.07142857142857142,0.5
MCT_LTDiag_1173.nii.gz,0.5,0,14,2,0.0,0.0
MCT_LTDiag_1178.nii.gz,0.15,1,4,1,0.2,0.5
MCT_LTDiag_1178.nii.gz,0.2,1,4,1,0.2,0.5
MCT_LTDiag_1178.nii.gz,0.5,1,4,1,0.2,0.5
MCT_LTDiag_1192.nii.gz,0.15,2,32,17,0.058823529411764705,0.10526315789473684
MCT_LTDiag_1192.nii.gz,0.2,2,32,17,0.058823529411764705,0.10526315789473684
MCT_LTDiag_1192.nii.gz,0.5,2,32,17,0.058823529411764705,0.10526315789473684
MCT_LTDiag_1205.nii.gz,0.15,1,31,11,0.03125,0.08333333333333333
MCT_LTDiag_1205.nii.gz,0.2,1,31,11,0.03125,0.08333333333333333
MCT_LTDiag_1205.nii.gz,0.5,1,31,11,0.03125,0.08333333333333333
MCT_LTDiag_1207.nii.gz,0.15,4,5,10,0.4444444444444444,0.2857142857142857
MCT_LTDiag_1207.nii.gz,0.2,4,5,10,0.4444444444444444,0.2857142857142857
MCT_LTDiag_1207.nii.gz,0.5,1,8,13,0.1111111111111111,0.07142857142857142
MCT_LTDiag_1208.nii.gz,0.15,1,3,3,0.25,0.25
MCT_LTDiag_1208.nii.gz,0.2,1,3,3,0.25,0.25
MCT_LTDiag_1208.nii.gz,0.5,1,3,3,0.25,0.25
MCT_LTDiag_1218.nii.gz,0.15,1,2,0,0.3333333333333333,1.0
MCT_LTDiag_1218.nii.gz,0.2,1,2,0,0.3333333333333333,1.0
MCT_LTDiag_1218.nii.gz,0.5,1,2,0,0.3333333333333333,1.0
MCT_LTDiag_1222.nii.gz,0.15,1,0,0,1.0,1.0
MCT_LTDiag_1222.nii.gz,0.2,1,0,0,1.0,1.0
MCT_LTDiag_1222.nii.gz,0.5,1,0,0,1.0,1.0
MCT_LTDiag_1226.nii.gz,0.15,1,7,1,0.125,0.5
MCT_LTDiag_1226.nii.gz,0.2,1,7,1,0.125,0.5
MCT_LTDiag_1226.nii.gz,0.5,1,7,1,0.125,0.5
MCT_LTDiag_1241.nii.gz,0.15,2,9,14,0.18181818181818182,0.125
MCT_LTDiag_1241.nii.gz,0.2,2,9,14,0.18181818181818182,0.125
MCT_LTDiag_1241.nii.gz,0.5,2,9,14,0.18181818181818182,0.125
MCT_LTDiag_1251.nii.gz,0.15,1,3,1,0.25,0.5
MCT_LTDiag_1251.nii.gz,0.2,1,3,1,0.25,0.5
MCT_LTDiag_1251.nii.gz,0.5,0,4,2,0.0,0.0
MCT_LTDiag_1254.nii.gz,0.15,3,4,2,0.42857142857142855,0.6
MCT_LTDiag_1254.nii.gz,0.2,3,4,2,0.42857142857142855,0.6
MCT_LTDiag_1254.nii.gz,0.5,3,4,2,0.42857142857142855,0.6
MCT_LTDiag_1262.nii.gz,0.15,1,0,0,1.0,1.0
MCT_LTDiag_1262.nii.gz,0.2,1,0,0,1.0,1.0
MCT_LTDiag_1262.nii.gz,0.5,1,0,0,1.0,1.0
MCT_LTDiag_1265.nii.gz,0.15,1,3,1,0.25,0.5
MCT_LTDiag_1265.nii.gz,0.2,1,3,1,0.25,0.5
MCT_LTDiag_1265.nii.gz,0.5,1,3,1,0.25,0.5
MCT_LTDiag_1268.nii.gz,0.15,5,2,0,0.7142857142857143,1.0
MCT_LTDiag_1268.nii.gz,0.2,5,2,0,0.7142857142857143,1.0
MCT_LTDiag_1268.nii.gz,0.5,3,4,2,0.42857142857142855,0.6
MCT_LTDiag_1270.nii.gz,0.15,1,3,2,0.25,0.3333333333333333
MCT_LTDiag_1270.nii.gz,0.2,1,3,2,0.25,0.3333333333333333
MCT_LTDiag_1270.nii.gz,0.5,1,3,2,0.25,0.3333333333333333
MCT_LTDiag_1277.nii.gz,0.15,4,5,1,0.4444444444444444,0.8
MCT_LTDiag_1277.nii.gz,0.2,4,5,1,0.4444444444444444,0.8
MCT_LTDiag_1277.nii.gz,0.5,4,5,1,0.4444444444444444,0.8
MCT_LTDiag_1280.nii.gz,0.15,11,2,16,0.8461538461538461,0.4074074074074074
MCT_LTDiag_1280.nii.gz,0.2,11,2,16,0.8461538461538461,0.4074074074074074
MCT_LTDiag_1280.nii.gz,0.5,9,4,18,0.6923076923076923,0.3333333333333333
MCT_LTDiag_1281.nii.gz,0.15,1,2,1,0.3333333333333333,0.5
MCT_LTDiag_1281.nii.gz,0.2,1,2,1,0.3333333333333333,0.5
MCT_LTDiag_1281.nii.gz,0.5,1,2,1,0.3333333333333333,0.5
MCT_LTDiag_1286.nii.gz,0.15,1,4,0,0.2,1.0
MCT_LTDiag_1286.nii.gz,0.2,1,4,0,0.2,1.0
MCT_LTDiag_1286.nii.gz,0.5,1,4,0,0.2,1.0
MCT_LTDiag_1293.nii.gz,0.15,1,3,0,0.25,1.0
MCT_LTDiag_1293.nii.gz,0.2,1,3,0,0.25,1.0
MCT_LTDiag_1293.nii.gz,0.5,1,3,0,0.25,1.0
MCT_LTDiag_1296.nii.gz,0.15,2,5,0,0.2857142857142857,1.0
MCT_LTDiag_1296.nii.gz,0.2,2,5,0,0.2857142857142857,1.0
MCT_LTDiag_1296.nii.gz,0.5,1,6,1,0.14285714285714285,0.5
MCT_LTDiag_1310.nii.gz,0.15,1,5,1,0.16666666666666666,0.5
MCT_LTDiag_1310.nii.gz,0.2,1,5,1,0.16666666666666666,0.5
MCT_LTDiag_1310.nii.gz,0.5,1,5,1,0.16666666666666666,0.5
MCT_LTDiag_1314.nii.gz,0.15,1,3,0,0.25,1.0
MCT_LTDiag_1314.nii.gz,0.2,1,3,0,0.25,1.0
MCT_LTDiag_1314.nii.gz,0.5,1,3,0,0.25,1.0
MCT_LTDiag_1319.nii.gz,0.15,2,2,1,0.5,0.6666666666666666
MCT_LTDiag_1319.nii.gz,0.2,2,2,1,0.5,0.6666666666666666
MCT_LTDiag_1319.nii.gz,0.5,1,3,2,0.25,0.3333333333333333
MCT_LTDiag_1326.nii.gz,0.15,1,8,0,0.1111111111111111,1.0
MCT_LTDiag_1326.nii.gz,0.2,1,8,0,0.1111111111111111,1.0
MCT_LTDiag_1326.nii.gz,0.5,1,8,0,0.1111111111111111,1.0
MCT_LTDiag_1330.nii.gz,0.15,1,9,2,0.1,0.3333333333333333
MCT_LTDiag_1330.nii.gz,0.2,1,9,2,0.1,0.3333333333333333
MCT_LTDiag_1330.nii.gz,0.5,1,9,2,0.1,0.3333333333333333
MCT_LTDiag_1341.nii.gz,0.15,1,2,0,0.3333333333333333,1.0
MCT_LTDiag_1341.nii.gz,0.2,1,2,0,0.3333333333333333,1.0
MCT_LTDiag_1341.nii.gz,0.5,1,2,0,0.3333333333333333,1.0
MCT_LTDiag_1345.nii.gz,0.15,3,0,0,1.0,1.0
MCT_LTDiag_1345.nii.gz,0.2,3,0,0,1.0,1.0
MCT_LTDiag_1345.nii.gz,0.5,3,0,0,1.0,1.0
MCT_LTDiag_1348.nii.gz,0.15,1,4,2,0.2,0.3333333333333333
MCT_LTDiag_1348.nii.gz,0.2,1,4,2,0.2,0.3333333333333333
MCT_LTDiag_1348.nii.gz,0.5,1,4,2,0.2,0.3333333333333333
MCT_LTDiag_1353.nii.gz,0.15,8,10,6,0.4444444444444444,0.5714285714285714
MCT_LTDiag_1353.nii.gz,0.2,8,10,6,0.4444444444444444,0.5714285714285714
MCT_LTDiag_1353.nii.gz,0.5,7,11,7,0.3888888888888889,0.5
MCT_LTDiag_1361.nii.gz,0.15,1,2,2,0.3333333333333333,0.3333333333333333
MCT_LTDiag_1361.nii.gz,0.2,1,2,2,0.3333333333333333,0.3333333333333333
MCT_LTDiag_1361.nii.gz,0.5,1,2,2,0.3333333333333333,0.3333333333333333
MCT_LTDiag_1362.nii.gz,0.15,1,3,1,0.25,0.5
MCT_LTDiag_1362.nii.gz,0.2,1,3,1,0.25,0.5
MCT_LTDiag_1362.nii.gz,0.5,1,3,1,0.25,0.5
MCT_LTDiag_1367.nii.gz,0.15,1,4,2,0.2,0.3333333333333333
MCT_LTDiag_1367.nii.gz,0.2,1,4,2,0.2,0.3333333333333333
MCT_LTDiag_1367.nii.gz,0.5,1,4,2,0.2,0.3333333333333333
MCT_LTDiag_1368.nii.gz,0.15,2,4,1,0.3333333333333333,0.6666666666666666
MCT_LTDiag_1368.nii.gz,0.2,2,4,1,0.3333333333333333,0.6666666666666666
MCT_LTDiag_1368.nii.gz,0.5,1,5,2,0.16666666666666666,0.3333333333333333
MCT_LTDiag_1370.nii.gz,0.15,6,1,1,0.8571428571428571,0.8571428571428571
MCT_LTDiag_1370.nii.gz,0.2,6,1,1,0.8571428571428571,0.8571428571428571
MCT_LTDiag_1370.nii.gz,0.5,5,2,2,0.7142857142857143,0.7142857142857143
MCT_LTDiag_1380.nii.gz,0.15,11,6,20,0.6470588235294118,0.3548387096774194
MCT_LTDiag_1380.nii.gz,0.2,11,6,20,0.6470588235294118,0.3548387096774194
MCT_LTDiag_1380.nii.gz,0.5,5,12,26,0.29411764705882354,0.16129032258064516
MCT_LTDiag_1389.nii.gz,0.15,1,2,0,0.3333333333333333,1.0
MCT_LTDiag_1389.nii.gz,0.2,1,2,0,0.3333333333333333,1.0
MCT_LTDiag_1389.nii.gz,0.5,0,3,1,0.0,0.0
MCT_LTDiag_1391.nii.gz,0.15,13,3,9,0.8125,0.5909090909090909
MCT_LTDiag_1391.nii.gz,0.2,13,3,9,0.8125,0.5909090909090909
MCT_LTDiag_1391.nii.gz,0.5,8,8,14,0.5,0.36363636363636365
MCT_LTDiag_1399.nii.gz,0.15,2,10,5,0.16666666666666666,0.2857142857142857
MCT_LTDiag_1399.nii.gz,0.2,2,10,5,0.16666666666666666,0.2857142857142857
MCT_LTDiag_1399.nii.gz,0.5,2,10,5,0.16666666666666666,0.2857142857142857
MCT_LTDiag_1400.nii.gz,0.15,1,4,7,0.2,0.125
MCT_LTDiag_1400.nii.gz,0.2,1,4,7,0.2,0.125
MCT_LTDiag_1400.nii.gz,0.5,1,4,7,0.2,0.125
MCT_LTDiag_1404.nii.gz,0.15,2,6,0,0.25,1.0
MCT_LTDiag_1404.nii.gz,0.2,2,6,0,0.25,1.0
MCT_LTDiag_1404.nii.gz,0.5,2,6,0,0.25,1.0
MCT_LTDiag_1408.nii.gz,0.15,1,0,0,1.0,1.0
MCT_LTDiag_1408.nii.gz,0.2,1,0,0,1.0,1.0
MCT_LTDiag_1408.nii.gz,0.5,1,0,0,1.0,1.0
MCT_LTDiag_1411.nii.gz,0.15,4,8,0,0.3333333333333333,1.0
MCT_LTDiag_1411.nii.gz,0.2,4,8,0,0.3333333333333333,1.0
MCT_LTDiag_1411.nii.gz,0.5,3,9,1,0.25,0.75
MCT_LTDiag_1416.nii.gz,0.15,1,5,0,0.16666666666666666,1.0
MCT_LTDiag_1416.nii.gz,0.2,1,5,0,0.16666666666666666,1.0
MCT_LTDiag_1416.nii.gz,0.5,1,5,0,0.16666666666666666,1.0
MCT_LTDiag_1420.nii.gz,0.15,3,0,0,1.0,1.0
MCT_LTDiag_1420.nii.gz,0.2,3,0,0,1.0,1.0
MCT_LTDiag_1420.nii.gz,0.5,3,0,0,1.0,1.0
MCT_LTDiag_1422.nii.gz,0.15,2,4,0,0.3333333333333333,1.0
MCT_LTDiag_1422.nii.gz,0.2,2,4,0,0.3333333333333333,1.0
MCT_LTDiag_1422.nii.gz,0.5,1,5,1,0.16666666666666666,0.5
MCT_LTDiag_1425.nii.gz,0.15,1,3,0,0.25,1.0
MCT_LTDiag_1425.nii.gz,0.2,1,3,0,0.25,1.0
MCT_LTDiag_1425.nii.gz,0.5,1,3,0,0.25,1.0
MCT_LTDiag_1448.nii.gz,0.15,5,6,0,0.45454545454545453,1.0
MCT_LTDiag_1448.nii.gz,0.2,5,6,0,0.45454545454545453,1.0
MCT_LTDiag_1448.nii.gz,0.5,5,6,0,0.45454545454545453,1.0
MCT_LTDiag_1451.nii.gz,0.15,1,11,0,0.08333333333333333,1.0
MCT_LTDiag_1451.nii.gz,0.2,1,11,0,0.08333333333333333,1.0
MCT_LTDiag_1451.nii.gz,0.5,1,11,0,0.08333333333333333,1.0
MCT_LTDiag_1457.nii.gz,0.15,3,7,0,0.3,1.0
MCT_LTDiag_1457.nii.gz,0.2,3,7,0,0.3,1.0
MCT_LTDiag_1457.nii.gz,0.5,1,9,2,0.1,0.3333333333333333
MCT_LTDiag_1459.nii.gz,0.15,6,12,2,0.3333333333333333,0.75
MCT_LTDiag_1459.nii.gz,0.2,6,12,2,0.3333333333333333,0.75
MCT_LTDiag_1459.nii.gz,0.5,5,13,3,0.2777777777777778,0.625
MCT_LTDiag_1464.nii.gz,0.15,1,6,0,0.14285714285714285,1.0
MCT_LTDiag_1464.nii.gz,0.2,1,6,0,0.14285714285714285,1.0
MCT_LTDiag_1464.nii.gz,0.5,1,6,0,0.14285714285714285,1.0
MCT_LTDiag_1465.nii.gz,0.15,1,8,0,0.1111111111111111,1.0
MCT_LTDiag_1465.nii.gz,0.2,1,8,0,0.1111111111111111,1.0
MCT_LTDiag_1465.nii.gz,0.5,1,8,0,0.1111111111111111,1.0
MCT_LTDiag_1470.nii.gz,0.15,2,3,0,0.4,1.0
MCT_LTDiag_1470.nii.gz,0.2,2,3,0,0.4,1.0
MCT_LTDiag_1470.nii.gz,0.5,2,3,0,0.4,1.0
MCT_LTDiag_1479.nii.gz,0.15,3,2,0,0.6,1.0
MCT_LTDiag_1479.nii.gz,0.2,3,2,0,0.6,1.0
MCT_LTDiag_1479.nii.gz,0.5,2,3,1,0.4,0.6666666666666666
MCT_LTDiag_1485.nii.gz,0.15,2,4,0,0.3333333333333333,1.0
MCT_LTDiag_1485.nii.gz,0.2,2,4,0,0.3333333333333333,1.0
MCT_LTDiag_1485.nii.gz,0.5,2,4,0,0.3333333333333333,1.0
MCT_LTDiag_1487.nii.gz,0.15,3,3,0,0.5,1.0
MCT_LTDiag_1487.nii.gz,0.2,3,3,0,0.5,1.0
MCT_LTDiag_1487.nii.gz,0.5,3,3,0,0.5,1.0
MCT_LTDiag_1495.nii.gz,0.15,1,5,0,0.16666666666666666,1.0
MCT_LTDiag_1495.nii.gz,0.2,1,5,0,0.16666666666666666,1.0
MCT_LTDiag_1495.nii.gz,0.5,1,5,0,0.16666666666666666,1.0
MSD08_1019.nii.gz,0.15,1,4,0,0.2,1.0
MSD08_1019.nii.gz,0.2,1,4,0,0.2,1.0
MSD08_1019.nii.gz,0.5,1,4,0,0.2,1.0
MSD08_1027.nii.gz,0.15,1,5,0,0.16666666666666666,1.0
MSD08_1027.nii.gz,0.2,1,5,0,0.16666666666666666,1.0
MSD08_1027.nii.gz,0.5,1,5,0,0.16666666666666666,1.0
MSD08_1028.nii.gz,0.15,1,4,0,0.2,1.0
MSD08_1028.nii.gz,0.2,1,4,0,0.2,1.0
MSD08_1028.nii.gz,0.5,1,4,0,0.2,1.0
MSD08_1050.nii.gz,0.15,1,8,0,0.1111111111111111,1.0
MSD08_1050.nii.gz,0.2,1,8,0,0.1111111111111111,1.0
MSD08_1050.nii.gz,0.5,1,8,0,0.1111111111111111,1.0
MSD08_1084.nii.gz,0.15,1,4,0,0.2,1.0
MSD08_1084.nii.gz,0.2,1,4,0,0.2,1.0
MSD08_1084.nii.gz,0.5,1,4,0,0.2,1.0
MSD08_1096.nii.gz,0.15,1,2,0,0.3333333333333333,1.0
MSD08_1096.nii.gz,0.2,1,2,0,0.3333333333333333,1.0
MSD08_1096.nii.gz,0.5,1,2,0,0.3333333333333333,1.0
MSD08_1108.nii.gz,0.15,1,1,0,0.5,1.0
MSD08_1108.nii.gz,0.2,1,1,0,0.5,1.0
MSD08_1108.nii.gz,0.5,1,1,0,0.5,1.0
MSD08_1112.nii.gz,0.15,1,5,0,0.16666666666666666,1.0
MSD08_1112.nii.gz,0.2,1,5,0,0.16666666666666666,1.0
MSD08_1112.nii.gz,0.5,1,5,0,0.16666666666666666,1.0
MSD08_1123.nii.gz,0.15,1,5,0,0.16666666666666666,1.0
MSD08_1123.nii.gz,0.2,1,5,0,0.16666666666666666,1.0
MSD08_1123.nii.gz,0.5,1,5,0,0.16666666666666666,1.0
MSD08_1124.nii.gz,0.15,1,5,0,0.16666666666666666,1.0
MSD08_1124.nii.gz,0.2,1,5,0,0.16666666666666666,1.0
MSD08_1124.nii.gz,0.5,1,5,0,0.16666666666666666,1.0
MSD08_1129.nii.gz,0.15,1,3,0,0.25,1.0
MSD08_1129.nii.gz,0.2,1,3,0,0.25,1.0
MSD08_1129.nii.gz,0.5,1,3,0,0.25,1.0
MSD08_1136.nii.gz,0.15,1,2,0,0.3333333333333333,1.0
MSD08_1136.nii.gz,0.2,1,2,0,0.3333333333333333,1.0
MSD08_1136.nii.gz,0.5,1,2,0,0.3333333333333333,1.0
MSD08_1148.nii.gz,0.15,1,6,0,0.14285714285714285,1.0
MSD08_1148.nii.gz,0.2,1,6,0,0.14285714285714285,1.0
MSD08_1148.nii.gz,0.5,1,6,0,0.14285714285714285,1.0
MSD08_1159.nii.gz,0.15,1,1,0,0.5,1.0
MSD08_1159.nii.gz,0.2,1,1,0,0.5,1.0
MSD08_1159.nii.gz,0.5,1,1,0,0.5,1.0
MSD08_1165.nii.gz,0.15,1,7,0,0.125,1.0
MSD08_1165.nii.gz,0.2,1,7,0,0.125,1.0
MSD08_1165.nii.gz,0.5,0,8,1,0.0,0.0
MSD08_1177.nii.gz,0.15,1,14,0,0.06666666666666667,1.0
MSD08_1177.nii.gz,0.2,1,14,0,0.06666666666666667,1.0
MSD08_1177.nii.gz,0.5,1,14,0,0.06666666666666667,1.0
MSD08_1200.nii.gz,0.15,1,2,0,0.3333333333333333,1.0
MSD08_1200.nii.gz,0.2,1,2,0,0.3333333333333333,1.0
MSD08_1200.nii.gz,0.5,1,2,0,0.3333333333333333,1.0
MSD08_1210.nii.gz,0.15,1,3,0,0.25,1.0
MSD08_1210.nii.gz,0.2,1,3,0,0.25,1.0
MSD08_1210.nii.gz,0.5,1,3,0,0.25,1.0
MSD08_1214.nii.gz,0.15,1,2,0,0.3333333333333333,1.0
MSD08_1214.nii.gz,0.2,1,2,0,0.3333333333333333,1.0
MSD08_1214.nii.gz,0.5,1,2,0,0.3333333333333333,1.0
MSD08_1222.nii.gz,0.15,3,7,0,0.3,1.0
MSD08_1222.nii.gz,0.2,3,7,0,0.3,1.0
MSD08_1222.nii.gz,0.5,1,9,2,0.1,0.3333333333333333
MSD08_1230.nii.gz,0.15,1,1,0,0.5,1.0
MSD08_1230.nii.gz,0.2,1,1,0,0.5,1.0
MSD08_1230.nii.gz,0.5,1,1,0,0.5,1.0
MSD08_1256.nii.gz,0.15,1,5,1,0.16666666666666666,0.5
MSD08_1256.nii.gz,0.2,1,5,1,0.16666666666666666,0.5
MSD08_1256.nii.gz,0.5,1,5,1,0.16666666666666666,0.5
MSD08_1262.nii.gz,0.15,1,15,0,0.0625,1.0
MSD08_1262.nii.gz,0.2,1,15,0,0.0625,1.0
MSD08_1262.nii.gz,0.5,0,16,1,0.0,0.0
MSD08_1297.nii.gz,0.15,3,6,1,0.3333333333333333,0.75
MSD08_1297.nii.gz,0.2,3,6,1,0.3333333333333333,0.75
MSD08_1297.nii.gz,0.5,1,8,3,0.1111111111111111,0.25
MSD08_1307.nii.gz,0.15,2,1,1,0.6666666666666666,0.6666666666666666
MSD08_1307.nii.gz,0.2,2,1,1,0.6666666666666666,0.6666666666666666
MSD08_1307.nii.gz,0.5,2,1,1,0.6666666666666666,0.6666666666666666
MSD08_1322.nii.gz,0.15,2,2,0,0.5,1.0
MSD08_1322.nii.gz,0.2,2,2,0,0.5,1.0
MSD08_1322.nii.gz,0.5,2,2,0,0.5,1.0
MSD08_1338.nii.gz,0.15,1,4,0,0.2,1.0
MSD08_1338.nii.gz,0.2,1,4,0,0.2,1.0
MSD08_1338.nii.gz,0.5,1,4,0,0.2,1.0
MSD08_1341.nii.gz,0.15,1,1,2,0.5,0.3333333333333333
MSD08_1341.nii.gz,0.2,1,1,2,0.5,0.3333333333333333
MSD08_1341.nii.gz,0.5,1,1,2,0.5,0.3333333333333333
MSD08_1353.nii.gz,0.15,5,4,0,0.5555555555555556,1.0
MSD08_1353.nii.gz,0.2,5,4,0,0.5555555555555556,1.0
MSD08_1353.nii.gz,0.5,4,5,1,0.4444444444444444,0.8
MSD08_1358.nii.gz,0.15,2,1,0,0.6666666666666666,1.0
MSD08_1358.nii.gz,0.2,2,1,0,0.6666666666666666,1.0
MSD08_1358.nii.gz,0.5,1,2,1,0.3333333333333333,0.5
MSD08_1374.nii.gz,0.15,3,0,4,1.0,0.42857142857142855
MSD08_1374.nii.gz,0.2,3,0,4,1.0,0.42857142857142855
MSD08_1374.nii.gz,0.5,3,0,4,1.0,0.42857142857142855
MSD08_1375.nii.gz,0.15,3,2,1,0.6,0.75
MSD08_1375.nii.gz,0.2,3,2,1,0.6,0.75
MSD08_1375.nii.gz,0.5,3,2,1,0.6,0.75
MSD08_1398.nii.gz,0.15,2,6,0,0.25,1.0
MSD08_1398.nii.gz,0.2,2,6,0,0.25,1.0
MSD08_1398.nii.gz,0.5,1,7,1,0.125,0.5
MSD08_1407.nii.gz,0.15,3,1,1,0.75,0.75
MSD08_1407.nii.gz,0.2,3,1,1,0.75,0.75
MSD08_1407.nii.gz,0.5,1,3,3,0.25,0.25
MSD08_1412.nii.gz,0.15,1,2,3,0.3333333333333333,0.25
MSD08_1412.nii.gz,0.2,1,2,3,0.3333333333333333,0.25
MSD08_1412.nii.gz,0.5,0,3,4,0.0,0.0
MSD08_1416.nii.gz,0.15,1,6,0,0.14285714285714285,1.0
MSD08_1416.nii.gz,0.2,1,6,0,0.14285714285714285,1.0
MSD08_1416.nii.gz,0.5,1,6,0,0.14285714285714285,1.0
WAW_TACE_1020.nii.gz,0.15,2,6,0,0.25,1.0
WAW_TACE_1020.nii.gz,0.2,2,6,0,0.25,1.0
WAW_TACE_1020.nii.gz,0.5,2,6,0,0.25,1.0
WAW_TACE_1028.nii.gz,0.15,2,11,0,0.15384615384615385,1.0
WAW_TACE_1028.nii.gz,0.2,2,11,0,0.15384615384615385,1.0
WAW_TACE_1028.nii.gz,0.5,0,13,2,0.0,0.0
WAW_TACE_1031.nii.gz,0.15,1,6,0,0.14285714285714285,1.0
WAW_TACE_1031.nii.gz,0.2,1,6,0,0.14285714285714285,1.0
WAW_TACE_1031.nii.gz,0.5,0,7,1,0.0,0.0
WAW_TACE_1034.nii.gz,0.15,1,3,0,0.25,1.0
WAW_TACE_1034.nii.gz,0.2,1,3,0,0.25,1.0
WAW_TACE_1034.nii.gz,0.5,0,4,1,0.0,0.0
WAW_TACE_1038.nii.gz,0.15,2,7,0,0.2222222222222222,1.0
WAW_TACE_1038.nii.gz,0.2,2,7,0,0.2222222222222222,1.0
WAW_TACE_1038.nii.gz,0.5,2,7,0,0.2222222222222222,1.0
WAW_TACE_1050.nii.gz,0.15,1,7,0,0.125,1.0
WAW_TACE_1050.nii.gz,0.2,1,7,0,0.125,1.0
WAW_TACE_1050.nii.gz,0.5,1,7,0,0.125,1.0
WAW_TACE_1056.nii.gz,0.15,2,10,0,0.16666666666666666,1.0
WAW_TACE_1056.nii.gz,0.2,2,10,0,0.16666666666666666,1.0
WAW_TACE_1056.nii.gz,0.5,2,10,0,0.16666666666666666,1.0
WAW_TACE_1080.nii.gz,0.15,2,19,0,0.09523809523809523,1.0
WAW_TACE_1080.nii.gz,0.2,1,20,1,0.047619047619047616,0.5
WAW_TACE_1080.nii.gz,0.5,1,20,1,0.047619047619047616,0.5
WAW_TACE_1102.nii.gz,0.15,1,3,5,0.25,0.16666666666666666
WAW_TACE_1102.nii.gz,0.2,1,3,5,0.25,0.16666666666666666
WAW_TACE_1102.nii.gz,0.5,1,3,5,0.25,0.16666666666666666
WAW_TACE_1112.nii.gz,0.15,1,9,0,0.1,1.0
WAW_TACE_1112.nii.gz,0.2,1,9,0,0.1,1.0
WAW_TACE_1112.nii.gz,0.5,0,10,1,0.0,0.0
WAW_TACE_1114.nii.gz,0.15,1,8,0,0.1111111111111111,1.0
WAW_TACE_1114.nii.gz,0.2,1,8,0,0.1111111111111111,1.0
WAW_TACE_1114.nii.gz,0.5,1,8,0,0.1111111111111111,1.0
WAW_TACE_1135.nii.gz,0.15,1,7,0,0.125,1.0
WAW_TACE_1135.nii.gz,0.2,1,7,0,0.125,1.0
WAW_TACE_1135.nii.gz,0.5,1,7,0,0.125,1.0
WAW_TACE_1142.nii.gz,0.15,1,3,0,0.25,1.0
WAW_TACE_1142.nii.gz,0.2,1,3,0,0.25,1.0
WAW_TACE_1142.nii.gz,0.5,1,3,0,0.25,1.0
WAW_TACE_1144.nii.gz,0.15,2,3,0,0.4,1.0
WAW_TACE_1144.nii.gz,0.2,2,3,0,0.4,1.0
WAW_TACE_1144.nii.gz,0.5,2,3,0,0.4,1.0
WAW_TACE_1150.nii.gz,0.15,1,7,0,0.125,1.0
WAW_TACE_1150.nii.gz,0.2,1,7,0,0.125,1.0
WAW_TACE_1150.nii.gz,0.5,1,7,0,0.125,1.0
WAW_TACE_1168.nii.gz,0.15,1,8,0,0.1111111111111111,1.0
WAW_TACE_1168.nii.gz,0.2,1,8,0,0.1111111111111111,1.0
WAW_TACE_1168.nii.gz,0.5,0,9,1,0.0,0.0
WAW_TACE_1190.nii.gz,0.15,1,3,0,0.25,1.0
WAW_TACE_1190.nii.gz,0.2,1,3,0,0.25,1.0
WAW_TACE_1190.nii.gz,0.5,1,3,0,0.25,1.0
WAW_TACE_1193.nii.gz,0.15,1,3,0,0.25,1.0
WAW_TACE_1193.nii.gz,0.2,1,3,0,0.25,1.0
WAW_TACE_1193.nii.gz,0.5,1,3,0,0.25,1.0
WAW_TACE_1197.nii.gz,0.15,2,3,0,0.4,1.0
WAW_TACE_1197.nii.gz,0.2,2,3,0,0.4,1.0
WAW_TACE_1197.nii.gz,0.5,2,3,0,0.4,1.0
WAW_TACE_1198.nii.gz,0.15,1,6,0,0.14285714285714285,1.0
WAW_TACE_1198.nii.gz,0.2,1,6,0,0.14285714285714285,1.0
WAW_TACE_1198.nii.gz,0.5,1,6,0,0.14285714285714285,1.0
WAW_TACE_1304.nii.gz,0.15,2,5,0,0.2857142857142857,1.0
WAW_TACE_1304.nii.gz,0.2,2,5,0,0.2857142857142857,1.0
WAW_TACE_1304.nii.gz,0.5,1,6,1,0.14285714285714285,0.5
WAW_TACE_1315.nii.gz,0.15,2,3,0,0.4,1.0
WAW_TACE_1315.nii.gz,0.2,2,3,0,0.4,1.0
WAW_TACE_1315.nii.gz,0.5,1,4,1,0.2,0.5
WAW_TACE_1327.nii.gz,0.15,2,5,0,0.2857142857142857,1.0
WAW_TACE_1327.nii.gz,0.2,2,5,0,0.2857142857142857,1.0
WAW_TACE_1327.nii.gz,0.5,1,6,1,0.14285714285714285,0.5
WAW_TACE_1345.nii.gz,0.15,1,2,0,0.3333333333333333,1.0
WAW_TACE_1345.nii.gz,0.2,1,2,0,0.3333333333333333,1.0
WAW_TACE_1345.nii.gz,0.5,1,2,0,0.3333333333333333,1.0
WAW_TACE_1363.nii.gz,0.15,1,13,0,0.07142857142857142,1.0
WAW_TACE_1363.nii.gz,0.2,1,13,0,0.07142857142857142,1.0
WAW_TACE_1363.nii.gz,0.5,1,13,0,0.07142857142857142,1.0
WAW_TACE_1382.nii.gz,0.15,2,2,1,0.5,0.6666666666666666
WAW_TACE_1382.nii.gz,0.2,2,2,1,0.5,0.6666666666666666
WAW_TACE_1382.nii.gz,0.5,2,2,1,0.5,0.6666666666666666
WAW_TACE_1399.nii.gz,0.15,2,4,0,0.3333333333333333,1.0
WAW_TACE_1399.nii.gz,0.2,2,4,0,0.3333333333333333,1.0
WAW_TACE_1399.nii.gz,0.5,2,4,0,0.3333333333333333,1.0
WAW_TACE_1438.nii.gz,0.15,1,5,2,0.16666666666666666,0.3333333333333333
WAW_TACE_1438.nii.gz,0.2,1,5,2,0.16666666666666666,0.3333333333333333
WAW_TACE_1438.nii.gz,0.5,0,6,3,0.0,0.0
WAW_TACE_1465.nii.gz,0.15,1,2,0,0.3333333333333333,1.0
WAW_TACE_1465.nii.gz,0.2,1,2,0,0.3333333333333333,1.0
WAW_TACE_1465.nii.gz,0.5,1,2,0,0.3333333333333333,1.0
WAW_TACE_1492.nii.gz,0.15,0,6,1,0.0,0.0
WAW_TACE_1492.nii.gz,0.2,0,6,1,0.0,0.0
WAW_TACE_1492.nii.gz,0.5,0,6,1,0.0,0.0
WAW_TACE_1522.nii.gz,0.15,2,3,3,0.4,0.4
WAW_TACE_1522.nii.gz,0.2,2,3,3,0.4,0.4
WAW_TACE_1522.nii.gz,0.5,2,3,3,0.4,0.4
WAW_TACE_1537.nii.gz,0.15,1,1,0,0.5,1.0
WAW_TACE_1537.nii.gz,0.2,1,1,0,0.5,1.0
WAW_TACE_1537.nii.gz,0.5,1,1,0,0.5,1.0
